physical_lines	disposition	exclusion_category	path
2699	included	-	tokio/src/net/windows/named_pipe.rs
2358	included	-	tokio/src/net/udp.rs
2092	included	-	tokio/src/runtime/builder.rs
1965	included	-	tokio/src/sync/mpsc/bounded.rs
1854	included	-	tokio/src/process/mod.rs
1797	included	-	tokio/src/sync/broadcast.rs
1772	included	-	tokio/tests/sync_mpsc.rs
1621	included	-	tokio/src/net/unix/datagram/socket.rs
1609	included	-	tokio/src/sync/oneshot.rs
1593	included	-	tokio/src/runtime/scheduler/multi_thread/worker.rs
1582	included	-	tokio/src/net/tcp/stream.rs
1556	included	-	tokio/src/net/unix/pipe.rs
1556	included	-	tokio/src/sync/watch.rs
1454	included	-	tokio/src/io/util/async_read_ext.rs
1439	included	-	tokio/src/io/async_fd.rs
1436	included	-	tokio/tests/rt_common.rs
1414	included	-	tokio/src/macros/select.rs
1412	included	-	tokio/src/sync/notify.rs
1396	included	-	tokio/src/sync/mutex.rs
1362	included	-	tokio-util/src/time/delay_queue.rs
1350	included	-	tokio/src/task/local.rs
1332	included	-	tokio/src/io/util/async_write_ext.rs
1310	included	-	tokio/src/runtime/metrics/runtime.rs
1235	included	-	tokio/src/sync/semaphore.rs
1226	included	-	tokio-stream/src/stream_ext.rs
1130	included	-	tokio/src/sync/rwlock.rs
1126	included	-	tokio/src/fs/file.rs
1123	included	-	tokio/src/net/unix/stream.rs
1086	included	-	tokio-util/src/codec/length_delimited.rs
1064	included	-	tokio/src/net/tcp/socket.rs
978	included	-	tokio/src/fs/file/tests.rs
959	included	-	tokio/tests/io_async_fd.rs
959	included	-	tokio/tests/sync_broadcast.rs
954	included	-	tokio/tests/rt_threaded.rs
927	included	-	tokio/src/runtime/scheduler/current_thread/mod.rs
920	included	-	tokio-util/tests/time_delay_queue.rs
904	included	-	tokio-util/src/task/join_map.rs
902	included	-	tokio/tests/rt_unstable_metrics.rs
859	included	-	tokio/src/fs/open_options.rs
851	included	-	tokio/src/task/join_set.rs
836	included	-	tokio-util/tests/length_delimited.rs
822	included	-	tokio-stream/src/stream_map.rs
808	included	-	tokio/tests/task_local_set.rs
802	included	-	tokio/tests/udp.rs
796	included	-	tokio-util/tests/task_join_map.rs
794	included	-	tokio/src/util/linked_list.rs
781	included	-	tokio-macros/src/entry.rs
780	included	-	tokio/src/sync/batch_semaphore.rs
778	included	-	tokio/tests/async_send_sync.rs
770	included	-	tokio/src/macros/cfg.rs
760	included	-	tokio/tests/macros_select.rs
747	included	-	tokio/src/runtime/handle.rs
730	included	-	tokio-util/src/task/task_tracker.rs
726	included	-	tokio/src/sync/mpsc/unbounded.rs
709	included	-	tokio/src/lib.rs
688	included	-	tokio/tests/sync_mpsc_weak.rs
683	included	-	tokio/src/runtime/task/mod.rs
668	included	-	tokio-macros/src/lib.rs
662	included	-	tokio/tests/task_join_set.rs
657	included	-	tokio/src/runtime/task/state.rs
652	included	-	tokio/src/runtime/mod.rs
646	included	-	tokio/tests/net_unix_pipe.rs
638	included	-	tokio/src/time/interval.rs
631	included	-	tokio/src/sync/mpsc/chan.rs
629	included	-	tokio-stream/tests/stream_stream_map.rs
629	included	-	tokio/src/runtime/metrics/histogram.rs
617	included	-	tokio/src/runtime/time/entry.rs
615	included	-	tokio-util/tests/sync_cancellation_token.rs
610	included	-	tokio/src/runtime/blocking/pool.rs
602	included	-	tokio/src/runtime/scheduler/multi_thread/queue.rs
593	included	-	tokio/src/runtime/task/core.rs
588	included	-	tokio/src/runtime/runtime.rs
580	included	-	tokio/src/runtime/io/scheduled_io.rs
577	included	-	tokio-test/src/io.rs
573	included	-	tokio/src/task/coop/mod.rs
567	included	-	tokio/src/runtime/task/harness.rs
566	included	-	tokio/tests/rt_handle_block_on.rs
550	included	-	tokio/src/signal/unix.rs
538	included	-	tokio/src/signal/windows.rs
537	included	-	tokio/tests/io_buf_writer.rs
526	included	-	tokio/src/runtime/metrics/histogram/h2_histogram.rs
524	included	-	tokio/src/sync/mod.rs
520	included	-	tokio/tests/rt_basic.rs
512	included	-	tokio/src/sync/once_cell.rs
512	included	-	tokio/src/util/idle_notified_set.rs
507	included	-	tokio-util/src/sync/cancellation_token.rs
507	included	-	tokio/src/net/tcp/split_owned.rs
505	included	-	tokio/tests/sync_watch.rs
493	included	-	tokio/src/runtime/time/mod.rs
488	included	-	tokio/src/runtime/tests/task_combinations.rs
488	included	-	tokio/src/task/task_local.rs
477	included	-	tokio/src/runtime/task/trace/mod.rs
477	included	-	tokio/tests/time_interval.rs
475	included	-	tokio/tests/uds_stream.rs
472	included	-	tokio/src/sync/mpsc/block.rs
471	included	-	tokio/tests/fs_uring_file_read.rs
470	included	-	tokio/src/time/sleep.rs
469	included	-	tokio/src/runtime/tests/task.rs
461	included	-	tokio/src/runtime/tests/loom_multi_thread.rs
460	included	-	tokio/src/sync/rwlock/owned_write_guard.rs
459	included	-	tokio/src/net/tcp/listener.rs
457	included	-	tokio/src/sync/mpsc/list.rs
457	included	-	tokio/src/sync/rwlock/write_guard.rs
449	included	-	tokio/src/net/unix/ucred.rs
445	included	-	tokio-util/src/task/spawn_pinned.rs
443	included	-	tokio-util/tests/codecs.rs
440	included	-	tokio/tests/sync_oneshot.rs
439	included	-	tokio/tests/tcp_stream.rs
436	included	-	tokio-util/tests/task_join_queue.rs
429	included	-	tokio-util/src/task/join_queue.rs
429	included	-	tokio/src/io/util/mem.rs
427	included	-	tokio/src/io/async_write.rs
425	included	-	tokio/tests/uds_datagram.rs
423	included	-	tokio/src/net/tcp/split.rs
422	included	-	tokio-util/src/io/sync_bridge.rs
419	included	-	tokio/src/net/unix/split_owned.rs
401	included	-	tokio/src/runtime/local_runtime/runtime.rs
399	included	-	tokio/tests/net_named_pipe.rs
392	included	-	tokio-util/src/codec/framed.rs
388	included	-	tokio/src/sync/set_once.rs
386	included	-	tokio-util/src/compat.rs
384	included	-	tokio/src/runtime/task/raw.rs
383	included	-	tokio/src/sync/task/atomic_waker.rs
382	included	-	tokio/src/time/clock.rs
380	included	-	tokio-util/tests/task_tracker.rs
379	included	-	tokio/tests/io_buf_reader.rs
377	included	-	tokio/src/runtime/task/join.rs
376	included	-	tokio/src/runtime/driver.rs
374	included	-	tokio/src/process/unix/mod.rs
370	included	-	tokio/tests/time_sleep.rs
368	included	-	tokio/src/runtime/task/list.rs
367	included	-	tokio-util/src/sync/cancellation_token/tree_node.rs
363	included	-	tokio-stream/src/stream_ext/collect.rs
362	included	-	tokio/src/runtime/park.rs
360	included	-	tokio-util/src/io/simplex.rs
357	included	-	tokio/src/fs/read_dir.rs
357	included	-	tokio/src/io/util/async_buf_read_ext.rs
356	included	-	tokio-util/src/codec/mod.rs
356	included	-	tokio-util/tests/io_simplex.rs
349	included	-	tokio-util/tests/mpsc.rs
346	included	-	tokio-util/src/io/stream_reader.rs
346	included	-	tokio/src/runtime/io/driver.rs
345	included	-	tokio/src/io/interest.rs
344	included	-	tokio/src/io/read_buf.rs
344	included	-	tokio/tests/sync_rwlock.rs
341	included	-	tokio/src/runtime/dump.rs
339	included	-	tokio-util/tests/framed_read.rs
339	included	-	tokio/src/io/blocking.rs
339	included	-	tokio/tests/io_poll_aio.rs
338	included	-	tokio/src/runtime/metrics/batch.rs
335	included	-	tokio/src/task/mod.rs
334	included	-	tokio/src/process/unix/orphan.rs
333	included	-	tokio/src/net/addr.rs
333	included	-	tokio/tests/time_pause.rs
332	included	-	tokio/src/runtime/time/wheel/mod.rs
331	included	-	benches/sync_mpsc.rs
331	included	-	tokio/src/net/unix/split.rs
330	included	-	tokio/src/sync/tests/loom_notify.rs
329	included	-	tokio/src/runtime/io/driver/uring.rs
326	included	-	tokio/tests/task_abort.rs
325	included	-	tokio-test/src/task.rs
325	included	-	tokio-util/src/sync/mpsc.rs
324	included	-	tokio/src/fs/mod.rs
324	included	-	tokio/src/runtime/scheduler/mod.rs
322	included	-	tokio/src/io/ready.rs
319	included	-	tokio/src/io/poll_evented.rs
317	included	-	tokio-util/src/time/wheel/mod.rs
316	included	-	tokio/src/runtime/scheduler/multi_thread/park.rs
315	included	-	tokio/tests/sync_notify.rs
312	included	-	tokio-util/src/codec/framed_impl.rs
312	included	-	tokio/src/process/unix/pidfd_reaper.rs
311	included	-	tokio/src/io/util/buf_reader.rs
310	included	-	tokio/src/io/util/buf_writer.rs
310	included	-	tokio/src/sync/tests/semaphore_batch.rs
310	included	-	tokio/tests/task_blocking.rs
308	included	-	tokio/src/io/mod.rs
304	included	-	tokio/tests/sync_notify_owned.rs
303	included	-	tokio/src/io/util/copy.rs
303	included	-	tokio/tests/fs_uring_statx.rs
300	included	-	examples/tinyhttp.rs
300	included	-	tokio/tests/task_id.rs
298	included	-	tokio/src/process/unix/reap.rs
297	included	-	tokio-stream/tests/stream_collect.rs
295	included	-	tokio-test/src/macros.rs
289	included	-	tokio/tests/fs_file.rs
285	included	-	tokio/src/process/windows.rs
282	included	-	tokio/tests/tracing_sync.rs
281	included	-	tokio/src/runtime/time_alt/entry.rs
280	included	-	tokio/src/macros/try_join.rs
279	included	-	tokio/src/macros/join.rs
279	included	-	tokio/tests/task_trace_self.rs
277	included	-	tokio/src/sync/tests/loom_mpsc.rs
276	included	-	benches/rt_multi_threaded.rs
276	included	-	tokio/src/runtime/time_alt/wheel/mod.rs
275	included	-	tokio/src/signal/registry.rs
273	included	-	tokio/src/net/unix/socket.rs
273	included	-	tokio/src/runtime/tests/queue.rs
269	included	-	tokio/src/runtime/time/tests/mod.rs
269	included	-	tokio/src/runtime/time_alt/tests.rs
269	included	-	tokio/tests/macros_try_join.rs
268	included	-	tokio-util/tests/future.rs
263	included	-	tokio/src/net/unix/listener.rs
261	included	-	tokio-util/src/codec/any_delimiter_codec.rs
259	included	-	tokio/src/runtime/io/registration.rs
259	included	-	tokio/tests/fs_uring_rename.rs
257	included	-	tokio/src/signal/windows/sys.rs
256	included	-	examples/chat.rs
256	included	-	tokio/tests/macros_join.rs
255	included	-	tokio-util/src/udp/frame.rs
250	included	-	benches/copy.rs
250	included	-	tokio/tests/sync_once_cell.rs
250	included	-	tokio/tests/tcp_connect.rs
249	included	-	tokio/src/time/timeout.rs
243	included	-	tests-integration/tests/process_stdio.rs
242	included	-	tokio-util/tests/panic.rs
242	included	-	tokio/src/sync/tests/loom_semaphore_batch.rs
240	included	-	tokio/src/runtime/driver/op.rs
240	included	-	tokio/src/runtime/scheduler/multi_thread/idle.rs
239	included	-	tokio-util/tests/spawn_pinned.rs
236	included	-	tokio-util/src/either.rs
236	included	-	tokio/src/io/stdout.rs
235	included	-	tokio/src/task/builder.rs
234	included	-	tokio/tests/tcp_socket.rs
233	included	-	tokio/tests/rt_metrics.rs
231	included	-	tokio/tests/sync_panic.rs
230	included	-	tokio-util/src/codec/lines_codec.rs
230	included	-	tokio/src/signal/reusable_box.rs
230	included	-	tokio/src/sync/rwlock/owned_write_guard_mapped.rs
230	included	-	tokio/tests/sync_semaphore.rs
228	included	-	tokio/tests/time_alt.rs
227	included	-	tokio/src/task/blocking.rs
224	included	-	examples/tinydb.rs
223	included	-	tokio-util/src/codec/framed_write.rs
223	included	-	tokio/src/loom/std/barrier.rs
223	included	-	tokio/src/time/instant.rs
222	included	-	tokio/src/io/stdio_common.rs
222	included	-	tokio/tests/io_panic.rs
218	included	-	tokio/src/io/bsd/poll_aio.rs
217	included	-	tokio-util/src/codec/framed_read.rs
217	included	-	tokio-util/tests/io_write_all_vectored.rs
216	included	-	tokio/src/task/spawn.rs
213	included	-	tokio/src/sync/barrier.rs
213	included	-	tokio/src/sync/rwlock/write_guard_mapped.rs
213	included	-	tokio/src/sync/tests/loom_oneshot.rs
212	included	-	tokio-util/tests/framed_write.rs
211	included	-	tokio/src/runtime/context.rs
210	included	-	tokio/tests/io_async_fd_memory_leak.rs
208	included	-	tokio-stream/tests/stream_fused.rs
208	included	-	tokio/src/sync/rwlock/owned_read_guard.rs
207	included	-	tokio/src/io/util/buf_stream.rs
207	included	-	tokio/src/sync/tests/loom_broadcast.rs
205	included	-	tokio-util/tests/framed.rs
205	included	-	tokio/src/runtime/tests/loom_multi_thread/queue.rs
204	included	-	tokio/tests/dump.rs
202	included	-	tokio/tests/fs_uring_read.rs
199	included	-	tokio-util/src/context.rs
198	included	-	tokio-util/src/time/wheel/level.rs
198	included	-	tokio/src/runtime/task/error.rs
198	included	-	tokio/src/runtime/tests/loom_current_thread.rs
196	included	-	tokio/src/runtime/time_alt/wheel/level.rs
196	included	-	tokio/tests/time_rt.rs
195	included	-	tokio/src/loom/std/parking_lot.rs
194	included	-	tokio-util/tests/io_inspect.rs
194	included	-	tokio/tests/net_panic.rs
194	included	-	tokio/tests/task_hooks.rs
193	included	-	tokio/src/runtime/time/wheel/level.rs
191	included	-	tokio/src/sync/rwlock/read_guard.rs
191	included	-	tokio/src/util/trace.rs
189	included	-	tokio/src/fs/mocks.rs
186	included	-	tokio/tests/tracing_task.rs
185	included	-	tokio-util/src/sync/tests/loom_cancellation_token.rs
184	included	-	tokio-util/src/codec/decoder.rs
181	included	-	tokio/tests/sync_broadcast_weak.rs
180	included	-	tokio/tests/sync_set_once.rs
179	included	-	tokio-util/src/io/inspect.rs
179	included	-	tokio/src/runtime/scheduler/util/time_alt.rs
178	included	-	tokio/tests/sync_mutex.rs
172	included	-	tokio-test/tests/io.rs
171	included	-	tokio-util/src/sync/poll_semaphore.rs
171	included	-	tokio/tests/task_local.rs
170	included	-	tokio/tests/rt_local.rs
168	included	-	tokio/src/sync/mpsc/error.rs
168	included	-	tokio/tests/tcp_accept.rs
167	included	-	tokio-test/src/stream_mock.rs
166	included	-	tokio/src/io/split.rs
165	included	-	tokio-util/src/io/write_all_vectored.rs
165	included	-	tokio/tests/io_copy_bidirectional.rs
164	included	-	tokio/src/io/util/empty.rs
164	included	-	tokio/tests/sync_semaphore_owned.rs
163	included	-	benches/sync_rwlock.rs
161	included	-	examples/named-pipe-ready.rs
161	included	-	tokio/src/io/uring/statx.rs
159	included	-	tokio/src/util/sharded_list.rs
158	included	-	tokio/src/io/util/read_int.rs
157	included	-	tokio-util/src/sync/reusable_box.rs
157	included	-	tokio-util/src/task/abort_on_drop.rs
157	included	-	tokio/tests/fs_uring.rs
155	included	-	tokio/tests/time_panic.rs
151	included	-	tokio/src/fs/read_uring.rs
151	included	-	tokio/src/io/util/write_int.rs
151	included	-	tokio/tests/time_timeout.rs
150	included	-	tokio-util/tests/udp.rs
150	included	-	tokio/tests/fs_uring_statx_fd_leak_test.rs
149	included	-	tokio/src/runtime/io/registration_set.rs
149	included	-	tokio/tests/rt_unstable_eager_driver_handoff.rs
148	included	-	tokio/src/io/stderr.rs
147	included	-	benches/sync_semaphore.rs
146	included	-	tokio/src/io/util/chain.rs
146	included	-	tokio/src/sync/mpsc/mod.rs
145	included	-	tokio/src/io/util/lines.rs
145	included	-	tokio/tests/io_write_all_buf.rs
144	included	-	tokio/src/macros/pin.rs
143	included	-	tokio-util/src/util/poll_buf.rs
143	included	-	tokio/src/io/util/read_to_end.rs
143	included	-	tokio/src/runtime/signal/mod.rs
142	included	-	tokio/src/io/util/vec_with_initialized.rs
142	included	-	tokio/tests/rt_common_before_park.rs
140	included	-	tokio/src/runtime/tests/loom_blocking.rs
139	included	-	tokio/src/runtime/scheduler/multi_thread/handle.rs
138	included	-	tokio/src/io/util/take.rs
138	included	-	tokio/src/runtime/scheduler/multi_thread/stats.rs
137	included	-	tokio-util/src/future.rs
137	included	-	tokio/src/io/util/copy_bidirectional.rs
137	included	-	tokio/tests/sync_mutex_owned.rs
135	included	-	tokio/src/io/async_read.rs
134	included	-	tokio-util/src/io/sink_writer.rs
134	included	-	tokio/tests/fs_uring_completed_then_dropped_before_repoll.rs
132	included	-	tokio-stream/src/wrappers/watch.rs
131	included	-	tokio/tests/tcp_into_split.rs
130	included	-	tokio/src/io/join.rs
129	included	-	tokio/src/fs/dir_builder.rs
129	included	-	tokio/src/runtime/time_alt/timer.rs
128	included	-	tokio/src/fs/open_options/uring_open_options.rs
128	included	-	tokio/tests/rt_poll_callbacks.rs
126	included	-	tokio/src/runtime/task/trace/tree.rs
126	included	-	tokio/tests/fs_dir.rs
125	included	-	tokio/tests/io_read_to_end.rs
125	included	-	tokio/tests/rt_handle.rs
124	included	-	tokio/src/loom/std/mod.rs
124	included	-	tokio/src/runtime/task/waker.rs
124	included	-	tokio/tests/macros_test.rs
123	included	-	tokio-stream/tests/stream_peekable.rs
123	included	-	tokio-util/src/io/reader_stream.rs
123	included	-	tokio/src/future/maybe_done.rs
123	included	-	tokio/src/time/error.rs
123	included	-	tokio/tests/task_panic.rs
122	included	-	tokio-stream/src/wrappers/signal_windows.rs
122	included	-	tokio/src/runtime/metrics/worker.rs
122	included	-	tokio/src/runtime/scheduler/inject/rt_multi_thread.rs
121	included	-	tokio/src/io/async_buf_read.rs
121	included	-	tokio/src/io/util/split.rs
121	included	-	tokio/src/runtime/context/blocking.rs
121	included	-	tokio/src/runtime/scheduler/inject/shared.rs
121	included	-	tokio/src/sync/tests/notify.rs
121	included	-	tokio/tests/io_mem_stream.rs
121	included	-	tokio/tests/uds_socket.rs
120	included	-	examples/graceful-shutdown.rs
119	included	-	tokio/src/io/util/read_line.rs
117	included	-	tokio-stream/src/lib.rs
117	included	-	tokio/src/io/util/copy_buf.rs
116	included	-	tokio/tests/fs_link.rs
114	included	-	tokio/src/io/uring/read.rs
114	included	-	tokio/tests/io_split.rs
114	included	-	tokio/tests/rt_panic.rs
113	included	-	tokio/src/sync/tests/atomic_waker.rs
113	included	-	tokio/src/util/rand.rs
112	included	-	benches/fs.rs
112	included	-	tokio/src/io/util/mod.rs
112	included	-	tokio/tests/io_write_buf.rs
110	included	-	tokio-stream/tests/async_send_sync.rs
110	included	-	tokio-stream/tests/stream_chain.rs
110	included	-	tokio/src/sync/tests/loom_watch.rs
110	included	-	tokio/src/time/mod.rs
110	included	-	tokio/src/util/mod.rs
109	included	-	benches/time_timeout.rs
109	included	-	tokio-macros/src/select.rs
109	included	-	tokio-stream/tests/mpsc_bounded_stream.rs
109	included	-	tokio-stream/tests/stream_timeout.rs
108	included	-	tokio/src/runtime/scheduler/multi_thread/mod.rs
107	included	-	tokio-stream/src/stream_ext/timeout.rs
107	included	-	tokio-stream/src/wrappers/mpsc_bounded.rs
107	included	-	tokio-test/tests/macros.rs
107	included	-	tokio/tests/io_read_line.rs
107	included	-	tokio/tests/rt_spawn_blocking.rs
106	included	-	examples/print_each_packet.rs
105	included	-	tokio/src/runtime/task/abort.rs
105	included	-	tokio/src/sync/tests/loom_rwlock.rs
105	included	-	tokio/tests/signal_realtime.rs
105	included	-	tokio/tests/task_builder.rs
104	included	-	benches/sync_notify.rs
104	included	-	tokio-test/tests/task.rs
103	included	-	benches/remote_spawn.rs
103	included	-	tokio/tests/io_driver.rs
102	included	-	tokio-stream/src/wrappers/broadcast.rs
102	included	-	tokio-util/src/util/memchr.rs
102	included	-	tokio/src/util/memchr.rs
101	included	-	tokio/tests/io_copy.rs
100	included	-	tokio/src/sync/tests/loom_atomic_waker.rs
99	included	-	examples/dump.rs
99	included	-	tokio-stream/src/stream_ext/merge.rs
99	included	-	tokio-util/src/net/mod.rs
99	included	-	tokio/src/fs/write.rs
99	included	-	tokio/src/runtime/context/runtime.rs
99	included	-	tokio/tests/sync_barrier.rs
98	included	-	examples/named-pipe-multi-client.rs
98	included	-	tokio/src/io/async_seek.rs
98	included	-	tokio/src/io/stdin.rs
97	included	-	benches/signal.rs
97	included	-	tokio/src/runtime/context/current.rs
96	included	-	benches/spawn.rs
96	included	-	tokio-stream/src/stream_ext/throttle.rs
96	included	-	tokio-stream/src/wrappers/mpsc_unbounded.rs
96	included	-	tokio/src/io/util/async_seek_ext.rs
96	included	-	tokio/tests/fs_uring_runtime_shutdown.rs
95	included	-	tokio-stream/src/stream_ext/then.rs
95	included	-	tokio/src/runtime/time_alt/cancellation_queue/tests.rs
94	included	-	examples/connect-udp.rs
94	included	-	tokio/src/fs/read.rs
94	included	-	tokio/src/io/util/sink.rs
94	included	-	tokio/tests/io_read_buf.rs
93	included	-	tokio-stream/src/stream_close.rs
93	included	-	tokio/src/runtime/task/trace/symbol.rs
93	included	-	tokio/tests/coop_budget.rs
92	included	-	examples/echo-udp.rs
92	included	-	tokio-stream/src/stream_ext/chunks_timeout.rs
91	included	-	tokio/src/runtime/task/id.rs
90	included	-	tokio/src/runtime/time_alt/cancellation_queue.rs
90	included	-	tokio/tests/tcp_shutdown.rs
89	included	-	benches/rt_current_thread.rs
89	included	-	tokio/src/fs/try_exists.rs
89	included	-	tokio/src/signal/mod.rs
89	included	-	tokio/src/util/cacheline.rs
86	included	-	examples/prewarm-fd-table.rs
86	included	-	tokio-stream/src/stream_ext/take.rs
86	included	-	tokio-util/src/codec/bytes_codec.rs
85	included	-	benches/sync_watch.rs
85	included	-	examples/echo-tcp.rs
85	included	-	tokio-stream/src/iter.rs
85	included	-	tokio-util/tests/reusable_box.rs
85	included	-	tokio/src/runtime/tests/mod.rs
84	included	-	tokio-stream/src/stream_ext/skip_while.rs
84	included	-	tokio-stream/src/stream_ext/take_while.rs
84	included	-	tokio-stream/src/wrappers/tcp_listener.rs
84	included	-	tokio-stream/tests/chunks_timeout.rs
84	included	-	tokio-util/tests/poll_semaphore.rs
84	included	-	tokio/tests/fs_open_options.rs
83	included	-	tokio-stream/src/stream_ext/map_while.rs
83	included	-	tokio-stream/tests/stream_merge.rs
83	included	-	tokio/src/runtime/task_hooks.rs
83	included	-	tokio/src/util/wake_list.rs
83	included	-	tokio/tests/rt_worker_index.rs
82	included	-	benches/sync_broadcast.rs
82	included	-	tokio/src/future/try_join.rs
82	included	-	tokio/src/runtime/tests/loom_join_set.rs
82	included	-	tokio/tests/rt_shutdown_err.rs
82	included	-	tokio/tests/tracing_time.rs
81	included	-	tokio/src/util/metric_atomics.rs
81	included	-	tokio/tests/io_join.rs
80	included	-	examples/udp-codec.rs
80	included	-	tokio-util/src/cfg.rs
80	included	-	tokio/src/io/util/read_until.rs
80	included	-	tokio/src/util/try_lock.rs
79	included	-	tokio-util/src/future/with_cancellation_token.rs
79	included	-	tokio/src/runtime/scheduler/multi_thread/worker/taskdump.rs
78	included	-	tokio-stream/src/wrappers/task.rs
78	included	-	tokio/src/io/util/read_to_string.rs
78	included	-	tokio/src/loom/mocked.rs
78	included	-	tokio/src/util/wake.rs
77	included	-	tokio-stream/src/wrappers/interval.rs
77	included	-	tokio-stream/src/wrappers/lines.rs
77	included	-	tokio-stream/src/wrappers/split.rs
76	included	-	tokio-util/src/io/copy_to_bytes.rs
76	included	-	tokio-util/tests/abort_on_drop.rs
76	included	-	tokio/src/loom/std/atomic_u64_as_mutex.rs
75	included	-	tokio/tests/io_read.rs
74	excluded	fixture	tests-build/tests/fail/macros_invalid_input.rs
74	included	-	tokio-util/tests/io_sync_bridge.rs
74	included	-	tokio/src/io/util/repeat.rs
74	included	-	tokio/src/util/ptr_expose.rs
74	included	-	tokio/tests/io_read_until.rs
74	included	-	tokio/tests/io_take.rs
73	included	-	benches/spawn_blocking.rs
73	included	-	examples/connect-tcp.rs
73	included	-	tokio-stream/src/stream_ext/skip.rs
73	included	-	tokio-stream/src/wrappers/unix_listener.rs
72	included	-	examples/udp-client.rs
72	included	-	tokio-stream/fuzz/fuzz_targets/fuzz_stream_map.rs
72	included	-	tokio-util/tests/io_sink_writer.rs
72	included	-	tokio/src/sync/tests/loom_set_once.rs
71	included	-	tokio-stream/src/wrappers.rs
71	included	-	tokio/src/io/util/read_buf.rs
71	included	-	tokio/src/runtime/blocking/shutdown.rs
71	included	-	tokio/tests/fs_uring_cancel_open.rs
71	included	-	tokio/tests/net_quickack.rs
70	included	-	tokio/src/runtime/scheduler/inject.rs
70	included	-	tokio/src/runtime/time_alt/wake_queue/tests.rs
69	excluded	fixture	tests-build/tests/fail/macros_type_mismatch.rs
69	included	-	tokio-stream/src/macros.rs
69	included	-	tokio-stream/src/stream_ext/filter.rs
69	included	-	tokio-stream/src/stream_ext/filter_map.rs
69	included	-	tokio-stream/tests/stream_fuse.rs
69	included	-	tokio/src/io/util/read_exact.rs
68	included	-	tokio/src/doc/os.rs
68	included	-	tokio/src/runtime/time/handle.rs
67	included	-	tokio-util/src/util/maybe_dangling.rs
66	included	-	tokio/src/net/unix/socketaddr.rs
66	included	-	tokio/src/runtime/blocking/schedule.rs
65	included	-	tokio-stream/src/wrappers/read_dir.rs
65	included	-	tokio-util/src/lib.rs
65	included	-	tokio-util/tests/io_reader_stream.rs
64	included	-	examples/proxy.rs
64	included	-	tokio/src/io/util/write_all_buf.rs
64	included	-	tokio/src/io/util/write_buf.rs
64	included	-	tokio/src/net/mod.rs
64	included	-	tokio/src/util/bit.rs
63	included	-	tokio-stream/src/stream_ext/fuse.rs
63	included	-	tokio-stream/tests/mpsc_unbounded_stream.rs
63	included	-	tokio/src/blocking.rs
63	included	-	tokio/tests/io_read_to_string.rs
62	included	-	tokio-stream/src/once.rs
62	included	-	tokio-stream/src/stream_ext/map.rs
62	included	-	tokio-stream/src/wrappers/signal_unix.rs
62	included	-	tokio/src/runtime/config.rs
62	included	-	tokio/src/runtime/scheduler/multi_thread/counters.rs
62	included	-	tokio/src/signal/ctrl_c.rs
61	included	-	tokio-stream/src/stream_ext/chain.rs
61	included	-	tokio/src/runtime/metrics/schedule_latency.rs
61	included	-	tokio/src/runtime/scheduler/multi_thread/trace.rs
61	included	-	tokio/src/util/rand/rt.rs
61	included	-	tokio/tests/io_util_empty.rs
60	included	-	examples/named-pipe.rs
60	included	-	tokio/src/io/uring/rename.rs
60	included	-	tokio/src/task/yield_now.rs
60	included	-	tokio/tests/io_driver_drop.rs
59	included	-	tokio/src/io/uring/open.rs
59	included	-	tokio/src/io/util/fill_buf.rs
59	included	-	tokio/src/loom/std/atomic_usize.rs
58	included	-	stress-test/examples/simple_echo_tcp.rs
58	included	-	tokio-stream/src/empty.rs
58	included	-	tokio-stream/src/stream_ext/all.rs
58	included	-	tokio-stream/src/stream_ext/any.rs
58	included	-	tokio-stream/src/stream_ext/peekable.rs
58	included	-	tokio/tests/io_write.rs
57	included	-	tokio-stream/src/stream_ext/fold.rs
57	included	-	tokio-stream/tests/watch.rs
57	included	-	tokio/src/io/seek.rs
57	included	-	tokio/src/loom/std/atomic_u64_static_once_cell.rs
57	included	-	tokio/src/util/rc_cell.rs
57	included	-	tokio/tests/uds_cred.rs
56	included	-	benches/sync_mpsc_oneshot.rs
56	included	-	examples/custom-executor.rs
56	included	-	tokio-stream/src/stream_ext/timeout_repeating.rs
56	included	-	tokio-stream/tests/stream_panic.rs
56	included	-	tokio/src/runtime/context/scoped.rs
55	included	-	tokio/src/io/uring/write.rs
55	included	-	tokio/src/io/util/read.rs
55	included	-	tokio/src/io/util/write_all.rs
55	included	-	tokio/src/runtime/scheduler/inject/pop.rs
55	included	-	tokio/src/runtime/scheduler/multi_thread/handle/metrics.rs
55	included	-	tokio/tests/signal_multi_rt.rs
55	included	-	tokio/tests/support/io_uring.rs
54	included	-	tokio-stream/src/pending.rs
54	included	-	tokio/src/fs/create_dir_all.rs
54	included	-	tokio/src/runtime/tests/inject.rs
52	included	-	tokio-stream/tests/stream_iter.rs
52	included	-	tokio/tests/net_lookup_host.rs
52	included	-	tokio/tests/tcp_echo.rs
52	included	-	tokio/tests/tcp_into_std.rs
51	included	-	tokio-util/src/time/mod.rs
51	included	-	tokio/src/runtime/time_alt/registration_queue/tests.rs
51	included	-	tokio/src/util/atomic_cell.rs
51	included	-	tokio/tests/buffered.rs
51	included	-	tokio/tests/fs_open_options_windows.rs
51	included	-	tokio/tests/io_write_all.rs
50	included	-	tokio-test/tests/stream_mock.rs
50	included	-	tokio/src/fs/create_dir.rs
50	included	-	tokio/src/runtime/metrics/mod.rs
50	included	-	tokio/tests/test_clock.rs
49	included	-	tokio-util/src/io/read_buf.rs
49	included	-	tokio/src/fs/canonicalize.rs
48	included	-	tokio/src/loom/std/rwlock.rs
48	included	-	tokio/src/runtime/tests/loom_oneshot.rs
48	included	-	tokio/src/runtime/time_alt/wake_queue.rs
48	included	-	tokio/src/sync/tests/loom_list.rs
48	included	-	tokio/tests/fs_try_exists.rs
47	included	-	tokio/src/doc/mod.rs
47	included	-	tokio/src/io/util/flush.rs
47	included	-	tokio/src/io/util/write_vectored.rs
47	included	-	tokio/src/loom/std/atomic_u16.rs
47	included	-	tokio/src/loom/std/atomic_u32.rs
47	included	-	tokio/src/runtime/tests/loom_local.rs
47	included	-	tokio/tests/duplex_stream.rs
46	included	-	tokio/src/fs/metadata.rs
46	included	-	tokio/src/fs/rename.rs
46	included	-	tokio/src/io/util/shutdown.rs
46	included	-	tokio/src/io/util/write.rs
46	included	-	tokio/tests/process_issue_2174.rs
45	included	-	tokio-stream/src/stream_ext/try_next.rs
45	included	-	tokio/src/runtime/time/source.rs
45	included	-	tokio/src/runtime/time_alt/context.rs
45	included	-	tokio/src/task/coop/unconstrained.rs
45	included	-	tokio/src/util/typeid.rs
45	included	-	tokio/tests/no_rt.rs
45	included	-	tokio/tests/signal_drop_rt.rs
45	included	-	tokio/tests/support/io_vec.rs
44	included	-	tokio-stream/src/stream_ext/next.rs
44	included	-	tokio-util/src/io/read_arc.rs
44	included	-	tokio-util/tests/compat.rs
44	included	-	tokio/src/fs/hard_link.rs
44	included	-	tokio/src/runtime/blocking/task.rs
44	included	-	tokio/src/runtime/process.rs
44	included	-	tokio/tests/io_sink.rs
44	included	-	tokio/tests/process_kill_on_drop.rs
44	included	-	tokio/tests/uds_split.rs
43	included	-	tokio/src/runtime/scheduler/defer.rs
42	excluded	fixture	tests-build/tests/fail/macros_join.rs
42	excluded	fixture	tests-build/tests/fail/macros_try_join.rs
42	included	-	tokio/src/runtime/id.rs
42	included	-	tokio/tests/support/mpsc_stream.rs
42	included	-	tokio/tests/tcp_split.rs
42	included	-	tokio/tests/unwindsafe.rs
41	included	-	tests-integration/tests/rt_yield.rs
41	included	-	tokio/src/runtime/time_alt/registration_queue.rs
41	included	-	tokio/tests/fs_copy.rs
40	included	-	tests-build/tests/macros.rs
40	included	-	tokio/tests/time_wasm.rs
39	included	-	tokio-stream/tests/join_set_stream.rs
39	included	-	tokio-util/src/sync/cancellation_token/guard_ref.rs
39	included	-	tokio/src/fs/open_options/mock_open_options.rs
39	included	-	tokio/src/net/unix/mod.rs
39	included	-	tokio/src/task/coop/consume_budget.rs
39	included	-	tokio/tests/process_issue_42.rs
38	included	-	tests-integration/tests/macros_main.rs
38	included	-	tokio-util/tests/framed_stream.rs
38	included	-	tokio/src/net/lookup_host.rs
38	included	-	tokio/src/util/as_ref.rs
37	included	-	tests-integration/tests/macros_select.rs
37	included	-	tokio-util/src/io/mod.rs
37	included	-	tokio/src/runtime/scheduler/inject/synced.rs
37	included	-	tokio/src/runtime/tests/loom_multi_thread/yield_now.rs
37	included	-	tokio/src/runtime/thread_id.rs
37	included	-	tokio/src/util/sync_wrapper.rs
37	included	-	tokio/tests/io_write_int.rs
36	included	-	tokio-test/src/lib.rs
36	included	-	tokio-util/src/sync/cancellation_token/guard.rs
36	included	-	tokio/src/loom/std/mutex.rs
36	included	-	tokio/src/macros/mod.rs
36	included	-	tokio/src/runtime/context/runtime_mt.rs
36	included	-	tokio/tests/fs.rs
36	included	-	tokio/tests/process_issue_7144.rs
36	included	-	tokio/tests/tcp_peek.rs
35	included	-	tokio-util/tests/io_stream_reader.rs
35	included	-	tokio/src/runtime/metrics/scheduler.rs
35	included	-	tokio/tests/macros_rename_test.rs
35	included	-	tokio/tests/signal_info.rs
34	included	-	tokio/tests/io_fill_buf.rs
34	included	-	tokio/tests/process_change_of_runtime.rs
34	included	-	tokio/tests/process_smoke.rs
34	included	-	tokio/tests/support/panic.rs
33	included	-	tokio-util/src/util/mod.rs
33	included	-	tokio/src/macros/support.rs
32	included	-	examples/custom-executor-tokio-context.rs
31	included	-	examples/hello_world.rs
31	included	-	tokio-util/src/time/wheel/stack.rs
31	included	-	tokio/src/io/uring/utils.rs
31	included	-	tokio/src/runtime/metrics/schedule_latency_mock.rs
31	included	-	tokio/tests/fs_remove_dir_all.rs
31	included	-	tokio/tests/fs_symlink_dir_windows.rs
31	included	-	tokio/tests/signal_panic.rs
30	included	-	tokio-stream/tests/stream_chunks_timeout.rs
30	included	-	tokio/src/fs/read_to_string.rs
30	included	-	tokio/src/runtime/task/trace/trace_impl.rs
30	included	-	tokio/src/runtime/tests/loom_current_thread/yield_now.rs
30	included	-	tokio/tests/sync_errors.rs
29	included	-	tokio/src/util/blocking_check.rs
28	included	-	tokio-stream/tests/time_throttle.rs
28	included	-	tokio/src/future/mod.rs
28	included	-	tokio/src/runtime/tests/loom_multi_thread/shutdown.rs
28	included	-	tokio/tests/fs_rename.rs
28	included	-	tokio/tests/io_chain.rs
27	included	-	tokio-test/tests/block_on.rs
27	included	-	tokio/src/macros/addr_of.rs
27	included	-	tokio/tests/process_kill_after_wait.rs
27	included	-	tokio/tests/signal_drop_signal.rs
26	included	-	tokio/src/macros/trace.rs
26	included	-	tokio/src/runtime/blocking/mod.rs
26	included	-	tokio/src/runtime/scheduler/multi_thread/handle/taskdump.rs
26	included	-	tokio/src/runtime/scheduler/multi_thread/overflow.rs
26	included	-	tokio/tests/support/leaked_buffers.rs
25	included	-	tokio-util/src/codec/encoder.rs
25	included	-	tokio-util/src/task/mod.rs
25	included	-	tokio-util/tests/context.rs
25	included	-	tokio/src/runtime/metrics/io.rs
25	included	-	tokio/src/signal/windows/stub.rs
24	included	-	benches/time_now.rs
24	included	-	tokio/src/fs/copy.rs
24	included	-	tokio/src/runtime/io/metrics.rs
24	included	-	tokio/tests/fs_remove_file.rs
24	included	-	tokio/tests/fs_symlink_file_windows.rs
24	included	-	tokio/tests/process_raw_handle.rs
24	included	-	tokio/tests/signal_notify_both.rs
24	included	-	tokio/tests/signal_usr1.rs
24	included	-	tokio/tests/task_yield_now.rs
23	excluded	fixture	tests-build/tests/pass/impl_trait.rs
23	included	-	tokio/src/runtime/time_alt/mod.rs
23	included	-	tokio/tests/signal_ctrl_c.rs
23	included	-	tokio/tests/signal_drop_recv.rs
23	included	-	tokio/tests/signal_twice.rs
22	included	-	tokio-stream/tests/stream_map_while.rs
22	included	-	tokio/src/future/block_on.rs
22	included	-	tokio/src/runtime/io/driver/signal.rs
22	included	-	tokio/src/runtime/io/mod.rs
22	included	-	tokio/tests/fs_canonicalize_dir.rs
21	included	-	tests-integration/src/bin/test-mem.rs
21	included	-	tokio/tests/join_handle_panic.rs
21	included	-	tokio/tests/macros_pin.rs
20	included	-	tests-integration/src/bin/test-cat.rs
20	included	-	tokio-util/src/sync/mod.rs
20	included	-	tokio/src/util/rand/rt_unstable.rs
20	included	-	tokio/tests/net_bind_resource.rs
19	included	-	tokio/src/fs/symlink_dir.rs
19	included	-	tokio/src/fs/symlink_file.rs
19	included	-	tokio/src/loom/std/atomic_u64.rs
19	included	-	tokio/tests/io_lines.rs
18	included	-	tokio-util/src/net/unix/mod.rs
18	included	-	tokio/src/loom/std/unsafe_cell.rs
18	included	-	tokio/src/macros/thread_local.rs
18	included	-	tokio/src/runtime/local_runtime/options.rs
18	included	-	tokio/src/sync/tests/mod.rs
18	included	-	tokio/tests/io_repeat.rs
16	included	-	tokio/src/fs/remove_file.rs
16	included	-	tokio/src/fs/symlink.rs
16	included	-	tokio/src/net/tcp/mod.rs
16	included	-	tokio/src/util/error.rs
16	included	-	tokio/tests/fs_write.rs
15	included	-	tokio-stream/tests/support/mpsc.rs
15	included	-	tokio/src/fs/set_permissions.rs
15	included	-	tokio/src/fs/symlink_metadata.rs
15	included	-	tokio/src/runtime/metrics/mock.rs
15	included	-	tokio/src/runtime/scheduler/multi_thread/worker/metrics.rs
15	included	-	tokio/tests/io_read_exact.rs
15	included	-	tokio/tests/support/signal.rs
14	excluded	fixture	tests-build/tests/pass/macros_main_loop.rs
14	included	-	tokio-stream/tests/stream_pending.rs
14	included	-	tokio/src/fs/remove_dir_all.rs
14	included	-	tokio/src/loom/mod.rs
14	included	-	tokio/tests/rt_time_start_paused.rs
13	excluded	fixture	tests-build/tests/pass/forward_args_and_output.rs
13	included	-	tokio/src/process/kill.rs
13	included	-	tokio/tests/process_arg0.rs
13	included	-	tokio/tests/signal_no_rt.rs
12	included	-	tests-integration/tests/macros_pin.rs
12	included	-	tokio-stream/tests/stream_once.rs
12	included	-	tokio/src/fs/read_link.rs
12	included	-	tokio/src/fs/remove_dir.rs
12	included	-	tokio/src/loom/std/atomic_u64_static_const_new.rs
11	included	-	tests-integration/src/bin/test-process-signal.rs
11	included	-	tokio-stream/tests/stream_close.rs
11	included	-	tokio-stream/tests/stream_empty.rs
11	included	-	tokio/src/future/trace.rs
11	included	-	tokio/src/runtime/scheduler/multi_thread/trace_mock.rs
10	included	-	tokio/tests/io_async_read.rs
9	excluded	fixture	tests-build/tests/pass/use_builder_outer.rs
9	included	-	tokio-util/src/loom.rs
9	included	-	tokio/src/runtime/scheduler/block_in_place.rs
9	included	-	tokio/src/util/markers.rs
8	excluded	fixture	tests-build/tests/fail/macros_dead_code.rs
8	included	-	tokio/src/macros/loom.rs
8	included	-	tokio/tests/_require_full.rs
7	included	-	tests-build/tests/macros_clippy.rs
7	included	-	tokio/fuzz/fuzz_targets/fuzz_linked_list.rs
7	included	-	tokio/src/runtime/local_runtime/mod.rs
7	included	-	tokio/src/runtime/scheduler/inject/metrics.rs
7	included	-	tokio/src/runtime/scheduler/multi_thread/worker/taskdump_mock.rs
6	excluded	fixture	tests-build/tests/fail/macros_core_no_default.rs
6	excluded	fixture	tests-build/tests/pass/macros_main_return.rs
6	included	-	tokio-util/src/tracing.rs
6	included	-	tokio-util/src/udp/mod.rs
6	included	-	tokio/src/io/uring/mod.rs
6	included	-	tokio/src/runtime/scheduler/lock.rs
4	included	-	tokio/src/loom/std/atomic_u64_native.rs
4	included	-	tokio/src/sync/task/mod.rs
3	included	-	tokio/src/net/unix/datagram/mod.rs
3	included	-	tokio/src/net/windows/mod.rs
2	included	-	tests-build/src/lib.rs
2	included	-	tests-integration/src/lib.rs
2	included	-	tokio-util/src/sync/tests/mod.rs
2	included	-	tokio-util/tests/_require_full.rs
2	included	-	tokio/src/runtime/scheduler/util/mod.rs
1	included	-	tokio/src/fuzz.rs
